<?xml version="1.0" encoding="UTF-8"?>
  <!--Generated by LearningCart www.LearningCart.com -->
<manifest identifier="CourseID" version="1.2"
          xmlns="http://www.imsproject.org/xsd/imscp_rootv1p1p2"
          xmlns:adlcp="http://www.adlnet.org/xsd/adlcp_rootv1p2"
          xmlns:xsi="http://www.w3.org/2001/XMLSchema-instance"
          xsi:schemaLocation="http://www.imsproject.org/xsd/imscp_rootv1p1p2 imscp_rootv1p1p2.xsd
                              http://www.imsglobal.org/xsd/imsmd_rootv1p2p1 imsmd_rootv1p2p1.xsd
                              http://www.adlnet.org/xsd/adlcp_rootv1p2 adlcp_rootv1p2.xsd" >

  <organizations default="CourseID-org">
    <organization identifier="CourseID-org">
      <title>Java Minecraft with Spigot</title>
      <item identifier="I_LC001" identifierref="LC001">
        <title>Java Minecraft with Spigot</title>
      </item>
      <item identifier="I_LC002" identifierref="LC002">
        <title>Instalarea Mediului de Lucru</title>
      </item>
      <item identifier="I_LC003" identifierref="LC003">
        <title>Instalarea Serverului Spigot</title>
      </item>
      <item identifier="I_LC004" identifierref="LC004">
        <title>Crearea unui proiect pe bază de template</title>
      </item>
       <item identifier="I_LC005" identifierref="LC005">
        <title>Testarea noului proiect</title>
      </item>
      <item identifier="I_LC006" identifierref="LC006">
        <title>Ce conține noul Proiect</title>
      </item>
      <metadata>
        <schema>ADL SCORM</schema>
        <schemaversion>1.2</schemaversion>
      </metadata>
    </organization>
  </organizations>

                                <resources>
                                  <resource identifier="LC001" type="webcontent" adlcp:scormtype="sco" href="index.html">
                                            <file href="index.html" />
                                   </resource>
                                    <resource identifier="LC002" type="webcontent" adlcp:scormtype="sco" href="Instalarea_Mediului_de_Lucru.html">
                                            <file href="Instalarea_Mediului_de_Lucru.html" />
                                   </resource>
                                   <resource identifier="LC003" type="webcontent" adlcp:scormtype="sco" href="Instalarea_Serverului_Spigot.html">
                                            <file href="Instalarea_Serverului_Spigot.html" />
                                   </resource>
                                   <resource identifier="LC004" type="webcontent" adlcp:scormtype="sco" href="Crearea_unui_proiect_pe_bază_de_template.html">
                                            <file href="Crearea_unui_proiect_pe_bază_de_template.html" />
                                   </resource>
                                   <resource identifier="LC005" type="webcontent" adlcp:scormtype="sco" href="Testarea_noului_proiect.html">
                                            <file href="Testarea_noului_proiect.html" />
                                   </resource>
                                   <resource identifier="LC006" type="webcontent" adlcp:scormtype="sco" href="Ce_conține_noul_Proiect.html">
                                            <file href="Ce_conține_noul_Proiect.html" />
                                   </resource>
                                 </resources>
</manifest>
                                         